{
	"variants": {
		"": [
			{
				"model": "fancy_foliage:block/leaves/dark_oak_leaves_bushy1"
			},
			{
				"model": "fancy_foliage:block/leaves/dark_oak_leaves_bushy2"
			},
			{
				"model": "fancy_foliage:block/leaves/dark_oak_leaves_bushy1",
				"y": 90
			},
			{
				"model": "fancy_foliage:block/leaves/dark_oak_leaves_bushy2",
				"y": 90
			},
			{
				"model": "fancy_foliage:block/leaves/dark_oak_leaves_bushy1",
				"y": 180
			},
			{
				"model": "fancy_foliage:block/leaves/dark_oak_leaves_bushy2",
				"y": 180
			},
			{
				"model": "fancy_foliage:block/leaves/dark_oak_leaves_bushy1",
				"y": 270
			},
			{
				"model": "fancy_foliage:block/leaves/dark_oak_leaves_bushy2",
				"y": 270
			}
		]
	}
}