{
  "variants": {
    "": [
      {
        "model": "block/lily_of_the_valley",
        "weight": 201
      },
      {
        "model": "fancy_foliage:block/foliage/flowers/easter_egg/creeperz",
        "weight": 1
      },
      {
        "model": "fancy_foliage:block/foliage/flowers/easter_egg/webster",
        "weight": 1
      },
      {
        "model": "fancy_foliage:block/foliage/flowers/easter_egg/lunar_lily1",
        "weight": 1
      },
      {
        "model": "fancy_foliage:block/foliage/flowers/easter_egg/lunar_lily2",
        "weight": 1
      }
    ]
  }
}