{
	"credit": "Made by Bret06 using Blockbench",
	"texture_size": [32, 32],
	"textures": {
		"cross": "fancy_foliage:block/foliage/plants/grass2"
	},
	"elements": [
		{
			"from": [8, 0, 0],
			"to": [8, 18, 16],
			"rotation": {"angle": 45, "axis": "y", "origin": [8, 9, 8]},
			"faces": {
				"north": {"uv": [0, 0, 0, 16], "texture": "#cross", "tintindex": 0},
				"east": {"uv": [0, 0, 8, 9], "texture": "#cross", "tintindex": 0},
				"south": {"uv": [0, 0, 0, 16], "texture": "#cross", "tintindex": 0},
				"west": {"uv": [0, 0, 8, 9], "texture": "#cross", "tintindex": 0},
				"up": {"uv": [0, 0, 16, 0], "rotation": 90, "texture": "#cross", "tintindex": 0},
				"down": {"uv": [0, 0, 16, 0], "rotation": 270, "texture": "#cross", "tintindex": 0}
			}
		},
		{
			"from": [8, 0, 0],
			"to": [8, 18, 16],
			"rotation": {"angle": -45, "axis": "y", "origin": [8, 9, 8]},
			"faces": {
				"north": {"uv": [0, 0, 0, 16], "texture": "#cross", "tintindex": 0},
				"east": {"uv": [0, 0, 8, 9], "texture": "#cross", "tintindex": 0},
				"south": {"uv": [0, 0, 0, 16], "texture": "#cross", "tintindex": 0},
				"west": {"uv": [0, 0, 8, 9], "texture": "#cross", "tintindex": 0},
				"up": {"uv": [0, 0, 16, 0], "rotation": 90, "texture": "#cross", "tintindex": 0},
				"down": {"uv": [0, 0, 16, 0], "rotation": 270, "texture": "#cross", "tintindex": 0}
			}
		}
	]
}