{
	"credit": "Made by Bret06 using Blockbench",
	"texture_size": [32, 32],
	"textures": {
		"0": "fancy_foliage:block/foliage/plants/long_plants",
		"1": "fancy_foliage:block/foliage/plants/grass",
		"particle": "fancy_foliage:block/foliage/plants/long_plants"
	},
	"elements": [
		{
			"from": [11, -4, 7],
			"to": [12, 12, 8],
			"rotation": {"angle": -22.5, "axis": "z", "origin": [11.5, 0, 7.5]},
			"faces": {
				"north": {"uv": [5, 5, 5.5, 13], "texture": "#0", "tintindex": 0},
				"east": {"uv": [5, 5, 5.5, 13], "texture": "#0", "tintindex": 0},
				"south": {"uv": [5, 5, 5.5, 13], "texture": "#0", "tintindex": 0},
				"west": {"uv": [5, 5, 5.5, 13], "texture": "#0", "tintindex": 0},
				"up": {"uv": [1, 8.5, 0.5, 8], "texture": "#0", "tintindex": 0},
				"down": {"uv": [1.5, 8, 1, 8.5], "texture": "#0", "tintindex": 0}
			}
		},
		{
			"from": [6.1397, -6.24301, 10],
			"to": [7.1397, 9.75699, 11],
			"rotation": {"angle": 22.5, "axis": "x", "origin": [7.6397, 0.75699, 5.5]},
			"faces": {
				"north": {"uv": [5, 5, 5.5, 13], "texture": "#0", "tintindex": 0},
				"east": {"uv": [5, 5, 5.5, 13], "texture": "#0", "tintindex": 0},
				"south": {"uv": [5, 5, 5.5, 13], "texture": "#0", "tintindex": 0},
				"west": {"uv": [5, 5, 5.5, 13], "texture": "#0", "tintindex": 0},
				"up": {"uv": [2, 8.5, 1.5, 8], "texture": "#0", "tintindex": 0},
				"down": {"uv": [2.5, 8, 2, 8.5], "texture": "#0", "tintindex": 0}
			}
		},
		{
			"from": [7.1397, -3.24301, 1],
			"to": [8.1397, 12.75699, 2],
			"rotation": {"angle": -22.5, "axis": "x", "origin": [10.6397, 4.75699, 7.5]},
			"faces": {
				"north": {"uv": [5, 5, 5.5, 13], "texture": "#0", "tintindex": 0},
				"east": {"uv": [5, 5, 5.5, 13], "texture": "#0", "tintindex": 0},
				"south": {"uv": [5, 5, 5.5, 13], "texture": "#0", "tintindex": 0},
				"west": {"uv": [5, 5, 5.5, 13], "texture": "#0", "tintindex": 0},
				"up": {"uv": [2, 8.5, 1.5, 8], "texture": "#0", "tintindex": 0},
				"down": {"uv": [2.5, 8, 2, 8.5], "texture": "#0", "tintindex": 0}
			}
		},
		{
			"from": [5.22374, -7.24301, 5.2955],
			"to": [6.22374, 8.75699, 6.2955],
			"rotation": {"angle": 0, "axis": "y", "origin": [4.20567, 4.7785, 4.54537]},
			"faces": {
				"north": {"uv": [5, 5, 5.5, 13], "texture": "#0", "tintindex": 0},
				"east": {"uv": [5, 5, 5.5, 13], "texture": "#0", "tintindex": 0},
				"south": {"uv": [5, 5, 5.5, 13], "texture": "#0", "tintindex": 0},
				"west": {"uv": [5, 5, 5.5, 13], "texture": "#0", "tintindex": 0},
				"up": {"uv": [2, 8.5, 1.5, 8], "rotation": 180, "texture": "#0", "tintindex": 0},
				"down": {"uv": [2.5, 8, 2, 8.5], "rotation": 180, "texture": "#0", "tintindex": 0}
			}
		},
		{
			"from": [16, 11.2, 5.6],
			"to": [24, 11.2, 10.6],
			"rotation": {"angle": -22.5, "axis": "z", "origin": [16, 11, 7.5]},
			"faces": {
				"north": {"uv": [0, 0, 4, 0], "texture": "#0", "tintindex": 0},
				"east": {"uv": [0, 0, 2.5, 0], "texture": "#0", "tintindex": 0},
				"south": {"uv": [0, 0, 4, 0], "texture": "#0", "tintindex": 0},
				"west": {"uv": [0, 0, 2.5, 0], "texture": "#0", "tintindex": 0},
				"up": {"uv": [11.5, 4.5, 14, 0.5], "rotation": 90, "texture": "#0", "tintindex": 0},
				"down": {"uv": [14, 4.5, 11.5, 0.5], "rotation": 90, "texture": "#0", "tintindex": 0}
			}
		},
		{
			"from": [12.3371, 11.52477, 11],
			"to": [20.3371, 11.52477, 16],
			"rotation": {"angle": -22.5, "axis": "y", "origin": [16.36313, 6.58239, 7.5]},
			"faces": {
				"north": {"uv": [0, 0, 4, 0], "texture": "#0", "tintindex": 0},
				"east": {"uv": [0, 0, 2.5, 0], "texture": "#0", "tintindex": 0},
				"south": {"uv": [0, 0, 4, 0], "texture": "#0", "tintindex": 0},
				"west": {"uv": [0, 0, 2.5, 0], "texture": "#0", "tintindex": 0},
				"up": {"uv": [4.5, 2.5, 8.5, 0], "texture": "#0", "tintindex": 0},
				"down": {"uv": [4.5, 0, 8.5, 2.5], "texture": "#0", "tintindex": 0}
			}
		},
		{
			"from": [11.88916, -4.35998, 13],
			"to": [12.88916, 11.64002, 14],
			"rotation": {"angle": -22.5, "axis": "y", "origin": [16.36313, 6.58239, 7.5]},
			"faces": {
				"north": {"uv": [5, 5, 5.5, 13], "texture": "#0", "tintindex": 0},
				"east": {"uv": [5, 5, 5.5, 13], "texture": "#0", "tintindex": 0},
				"south": {"uv": [5, 5, 5.5, 13], "texture": "#0", "tintindex": 0},
				"west": {"uv": [5, 5, 5.5, 13], "texture": "#0", "tintindex": 0},
				"up": {"uv": [1, 8.5, 0.5, 8], "texture": "#0", "tintindex": 0},
				"down": {"uv": [1.5, 8, 1, 8.5], "texture": "#0", "tintindex": 0}
			}
		},
		{
			"from": [-1.75174, 8.8, 2.23484],
			"to": [6.24826, 8.8, 7.23484],
			"rotation": {"angle": -45, "axis": "y", "origin": [4.20567, 4.7785, 4.54537]},
			"faces": {
				"north": {"uv": [0, 0, 4, 0], "texture": "#0", "tintindex": 0},
				"east": {"uv": [0, 0, 2.5, 0], "texture": "#0", "tintindex": 0},
				"south": {"uv": [0, 0, 4, 0], "texture": "#0", "tintindex": 0},
				"west": {"uv": [0, 0, 2.5, 0], "texture": "#0", "tintindex": 0},
				"up": {"uv": [11.5, 0.5, 14, 4.5], "rotation": 90, "texture": "#0", "tintindex": 0},
				"down": {"uv": [14, 0.5, 11.5, 4.5], "rotation": 90, "texture": "#0", "tintindex": 0}
			}
		},
		{
			"from": [2.50003, 9.8, -7.4728],
			"to": [7.50003, 9.8, 0.5272],
			"rotation": {"angle": -22.5, "axis": "y", "origin": [8.00003, 12.8, 7.5272]},
			"faces": {
				"north": {"uv": [0, 0, 2.5, 0], "texture": "#0", "tintindex": 0},
				"east": {"uv": [0, 0, 4, 0], "texture": "#0", "tintindex": 0},
				"south": {"uv": [0, 0, 2.5, 0], "texture": "#0", "tintindex": 0},
				"west": {"uv": [0, 0, 4, 0], "texture": "#0", "tintindex": 0},
				"up": {"uv": [4.5, 2.5, 8.5, 0], "rotation": 270, "texture": "#0", "tintindex": 0},
				"down": {"uv": [4.5, 0, 8.5, 2.5], "rotation": 90, "texture": "#0", "tintindex": 0}
			}
		},
		{
			"from": [2.5, 7.2, 11.5],
			"to": [11.5, 7.2, 19.5],
			"rotation": {"angle": 45, "axis": "x", "origin": [5.5, 7, 13.5]},
			"faces": {
				"north": {"uv": [0, 0, 4.5, 0], "texture": "#0", "tintindex": 0},
				"east": {"uv": [0, 0, 4, 0], "texture": "#0", "tintindex": 0},
				"south": {"uv": [0, 0, 4.5, 0], "texture": "#0", "tintindex": 0},
				"west": {"uv": [0, 0, 4, 0], "texture": "#0", "tintindex": 0},
				"up": {"uv": [14.5, 0, 10, 4], "texture": "#0", "tintindex": 0},
				"down": {"uv": [14.5, 4, 10, 0], "texture": "#0", "tintindex": 0}
			}
		},
		{
			"from": [0, 0, 8],
			"to": [16, 16, 8],
			"rotation": {"angle": -45, "axis": "y", "origin": [8, 0, 8]},
			"faces": {
				"north": {"uv": [0, 0, 8, 8], "texture": "#1", "tintindex": 0},
				"east": {"uv": [0, 0, 0, 8], "texture": "#1", "tintindex": 0},
				"south": {"uv": [0, 0, 8, 8], "texture": "#1", "tintindex": 0},
				"west": {"uv": [0, 0, 0, 8], "texture": "#1", "tintindex": 0},
				"up": {"uv": [8, 0, 0, 0], "texture": "#1", "tintindex": 0},
				"down": {"uv": [8, 0, 0, 0], "texture": "#1", "tintindex": 0}
			}
		},
		{
			"from": [8, 0, 0],
			"to": [8, 16, 16],
			"rotation": {"angle": -45, "axis": "y", "origin": [8, 0, 8]},
			"faces": {
				"north": {"uv": [0, 0, 0, 8], "texture": "#1", "tintindex": 0},
				"east": {"uv": [0, 0, 8, 8], "texture": "#1", "tintindex": 0},
				"south": {"uv": [0, 0, 0, 8], "texture": "#1", "tintindex": 0},
				"west": {"uv": [0, 0, 8, 8], "texture": "#1", "tintindex": 0},
				"up": {"uv": [0, 8, 0, 0], "texture": "#1", "tintindex": 0},
				"down": {"uv": [0, 0, 0, 8], "texture": "#1", "tintindex": 0}
			}
		}
	]
}