{
	"credit": "Made by Bret06 using Blockbench",
	"ambientocclusion": false,
	"texture_size": [32, 32],
	"textures": {
		"2": "fancy_foliage:block/foliage/lily_pad/lilypad_stem_big",
		"particle": "block/lily_pad",
		"texture": "block/lily_pad"
	},
	"elements": [
		{
			"from": [0, 0.25, 0],
			"to": [16, 0.25, 16],
			"faces": {
				"up": {"uv": [0, 0, 16, 16], "texture": "#texture", "tintindex": 0},
				"down": {"uv": [0, 16, 16, 0], "texture": "#texture", "tintindex": 0}
			}
		},
		{
			"from": [8.5, -15.8, 0],
			"to": [8.5, 0.2, 16],
			"faces": {
				"north": {"uv": [0, 0, 0, 8], "texture": "#2", "tintindex": 0},
				"east": {"uv": [0, 0, 8, 8], "texture": "#2", "tintindex": 0},
				"south": {"uv": [0, 0, 0, 8], "texture": "#2", "tintindex": 0},
				"west": {"uv": [8, 0, 0, 8], "texture": "#2", "tintindex": 0},
				"up": {"uv": [0, 8, 0, 0], "texture": "#2", "tintindex": 0},
				"down": {"uv": [0, 0, 0, 8], "texture": "#2", "tintindex": 0}
			}
		}
	]
}