{
	"credit": "Made by Bret06 using Blockbench",
	"textures": {
		"1": "fancy_foliage:block/foliage/flowers/azure_bluet/candytuft",
		"particle": "fancy_foliage:block/foliage/flowers/azure_bluet/candytuft"
	},
	"elements": [
		{
			"from": [6.5, 4, 3],
			"to": [7.5, 4, 6],
			"rotation": {"angle": 22.5, "axis": "z", "origin": [6.5, 4, 4.5]},
			"faces": {
				"north": {"uv": [0, 0, 1, 0], "texture": "#1"},
				"east": {"uv": [0, 0, 3, 0], "texture": "#1"},
				"south": {"uv": [0, 0, 1, 0], "texture": "#1"},
				"west": {"uv": [0, 0, 3, 0], "texture": "#1"},
				"up": {"uv": [6, 8, 5, 5], "texture": "#1"},
				"down": {"uv": [6, 5, 5, 8], "texture": "#1"}
			}
		},
		{
			"from": [2.5, 4, 3],
			"to": [3.5, 4, 6],
			"rotation": {"angle": -22.5, "axis": "z", "origin": [3.5, 4, 4.5]},
			"faces": {
				"north": {"uv": [0, 0, 1, 0], "texture": "#1"},
				"east": {"uv": [0, 0, 3, 0], "texture": "#1"},
				"south": {"uv": [0, 0, 1, 0], "texture": "#1"},
				"west": {"uv": [0, 0, 3, 0], "texture": "#1"},
				"up": {"uv": [6, 8, 5, 5], "texture": "#1"},
				"down": {"uv": [6, 5, 5, 8], "texture": "#1"}
			}
		},
		{
			"from": [3.5, 4, 2],
			"to": [6.5, 4, 3],
			"rotation": {"angle": 22.5, "axis": "x", "origin": [5, 4, 3]},
			"faces": {
				"north": {"uv": [0, 0, 3, 0], "texture": "#1"},
				"east": {"uv": [0, 0, 1, 0], "texture": "#1"},
				"south": {"uv": [0, 0, 3, 0], "texture": "#1"},
				"west": {"uv": [0, 0, 1, 0], "texture": "#1"},
				"up": {"uv": [8, 2, 5, 1], "texture": "#1"},
				"down": {"uv": [8, 1, 5, 2], "texture": "#1"}
			}
		},
		{
			"from": [3.5, 4, 6],
			"to": [6.5, 4, 7],
			"rotation": {"angle": -22.5, "axis": "x", "origin": [5, 4, 6]},
			"faces": {
				"north": {"uv": [0, 0, 3, 0], "texture": "#1"},
				"east": {"uv": [0, 0, 1, 0], "texture": "#1"},
				"south": {"uv": [0, 0, 3, 0], "texture": "#1"},
				"west": {"uv": [0, 0, 1, 0], "texture": "#1"},
				"up": {"uv": [8, 2, 5, 1], "texture": "#1"},
				"down": {"uv": [8, 1, 5, 2], "texture": "#1"}
			}
		},
		{
			"from": [3.5, 4, 3],
			"to": [6.5, 4, 6],
			"rotation": {"angle": 0, "axis": "y", "origin": [-4, 0, -1]},
			"faces": {
				"north": {"uv": [0, 0, 3, 0], "texture": "#1"},
				"east": {"uv": [0, 0, 3, 0], "texture": "#1"},
				"south": {"uv": [0, 0, 3, 0], "texture": "#1"},
				"west": {"uv": [0, 0, 3, 0], "texture": "#1"},
				"up": {"uv": [3, 3, 0, 0], "texture": "#1"},
				"down": {"uv": [3, 0, 0, 3], "texture": "#1"}
			}
		},
		{
			"from": [4.5, 0, 4.5],
			"to": [5.5, 4, 4.5],
			"rotation": {"angle": 0, "axis": "y", "origin": [5, 2, 4.5]},
			"faces": {
				"north": {"uv": [3, 0, 4, 4], "texture": "#1", "tintindex": 0},
				"east": {"uv": [0, 0, 0, 4], "texture": "#1", "tintindex": 0},
				"south": {"uv": [4, 0, 5, 4], "texture": "#1", "tintindex": 0},
				"west": {"uv": [0, 0, 0, 4], "texture": "#1", "tintindex": 0},
				"up": {"uv": [1, 0, 0, 0], "texture": "#1", "tintindex": 0},
				"down": {"uv": [1, 0, 0, 0], "texture": "#1", "tintindex": 0}
			}
		},
		{
			"from": [5.73189, 2.65714, 10],
			"to": [6.73189, 2.65714, 13],
			"rotation": {"angle": 22.5, "axis": "z", "origin": [4, 2.39567, 11.5]},
			"faces": {
				"north": {"uv": [0, 0, 1, 0], "texture": "#1"},
				"east": {"uv": [0, 0, 3, 0], "texture": "#1"},
				"south": {"uv": [0, 0, 1, 0], "texture": "#1"},
				"west": {"uv": [0, 0, 3, 0], "texture": "#1"},
				"up": {"uv": [6, 8, 5, 5], "texture": "#1"},
				"down": {"uv": [6, 5, 5, 8], "texture": "#1"}
			}
		},
		{
			"from": [1.26811, 2.65714, 10],
			"to": [2.26811, 2.65714, 13],
			"rotation": {"angle": -22.5, "axis": "z", "origin": [4, 2.39567, 11.5]},
			"faces": {
				"north": {"uv": [0, 0, 1, 0], "texture": "#1"},
				"east": {"uv": [0, 0, 3, 0], "texture": "#1"},
				"south": {"uv": [0, 0, 1, 0], "texture": "#1"},
				"west": {"uv": [0, 0, 3, 0], "texture": "#1"},
				"up": {"uv": [6, 8, 5, 5], "texture": "#1"},
				"down": {"uv": [6, 5, 5, 8], "texture": "#1"}
			}
		},
		{
			"from": [2.5, 2.65714, 8.76811],
			"to": [5.5, 2.65714, 9.76811],
			"rotation": {"angle": 22.5, "axis": "x", "origin": [4, 2.39567, 11.5]},
			"faces": {
				"north": {"uv": [0, 0, 3, 0], "texture": "#1"},
				"east": {"uv": [0, 0, 1, 0], "texture": "#1"},
				"south": {"uv": [0, 0, 3, 0], "texture": "#1"},
				"west": {"uv": [0, 0, 1, 0], "texture": "#1"},
				"up": {"uv": [8, 2, 5, 1], "texture": "#1"},
				"down": {"uv": [8, 1, 5, 2], "texture": "#1"}
			}
		},
		{
			"from": [2.5, 2.65714, 13.23189],
			"to": [5.5, 2.65714, 14.23189],
			"rotation": {"angle": -22.5, "axis": "x", "origin": [4, 2.39567, 11.5]},
			"faces": {
				"north": {"uv": [0, 0, 3, 0], "texture": "#1"},
				"east": {"uv": [0, 0, 1, 0], "texture": "#1"},
				"south": {"uv": [0, 0, 3, 0], "texture": "#1"},
				"west": {"uv": [0, 0, 1, 0], "texture": "#1"},
				"up": {"uv": [8, 2, 5, 1], "texture": "#1"},
				"down": {"uv": [8, 1, 5, 2], "texture": "#1"}
			}
		},
		{
			"from": [2.5, 3.3, 10],
			"to": [5.5, 3.3, 13],
			"rotation": {"angle": 0, "axis": "y", "origin": [4, 2.39567, 11.5]},
			"faces": {
				"north": {"uv": [0, 0, 3, 0], "texture": "#1"},
				"east": {"uv": [0, 0, 3, 0], "texture": "#1"},
				"south": {"uv": [0, 0, 3, 0], "texture": "#1"},
				"west": {"uv": [0, 0, 3, 0], "texture": "#1"},
				"up": {"uv": [3, 3, 0, 0], "texture": "#1"},
				"down": {"uv": [3, 0, 0, 3], "texture": "#1"}
			}
		},
		{
			"from": [4, 2.3, 11],
			"to": [4, 3.3, 12],
			"rotation": {"angle": 0, "axis": "x", "origin": [4, 3.3, 11.5]},
			"faces": {
				"north": {"uv": [0, 0, 0, 1], "texture": "#1", "tintindex": 0},
				"east": {"uv": [3, 0, 4, 1], "texture": "#1", "tintindex": 0},
				"south": {"uv": [0, 0, 0, 1], "texture": "#1", "tintindex": 0},
				"west": {"uv": [3, 0, 4, 1], "texture": "#1", "tintindex": 0},
				"up": {"uv": [0, 1, 0, 0], "texture": "#1", "tintindex": 0},
				"down": {"uv": [0, 0, 0, 1], "texture": "#1", "tintindex": 0}
			}
		},
		{
			"from": [4, -0.4, 10.7],
			"to": [4, 2.6, 11.7],
			"rotation": {"angle": -22.5, "axis": "x", "origin": [4, 3.3, 11.5]},
			"faces": {
				"north": {"uv": [0, 0, 0, 3], "texture": "#1", "tintindex": 0},
				"east": {"uv": [3, 1, 4, 4], "texture": "#1", "tintindex": 0},
				"south": {"uv": [0, 0, 0, 3], "texture": "#1", "tintindex": 0},
				"west": {"uv": [4, 1, 5, 4], "texture": "#1", "tintindex": 0},
				"up": {"uv": [0, 1, 0, 0], "texture": "#1", "tintindex": 0},
				"down": {"uv": [0, 0, 0, 1], "texture": "#1", "tintindex": 0}
			}
		},
		{
			"from": [15.5, 4, 7],
			"to": [16.5, 4, 10],
			"rotation": {"angle": 22.5, "axis": "z", "origin": [15.5, 4, 8.5]},
			"faces": {
				"north": {"uv": [0, 0, 1, 0], "texture": "#1"},
				"east": {"uv": [0, 0, 3, 0], "texture": "#1"},
				"south": {"uv": [0, 0, 1, 0], "texture": "#1"},
				"west": {"uv": [0, 0, 3, 0], "texture": "#1"},
				"up": {"uv": [6, 8, 5, 5], "texture": "#1"},
				"down": {"uv": [6, 5, 5, 8], "texture": "#1"}
			}
		},
		{
			"from": [11.5, 4, 7],
			"to": [12.5, 4, 10],
			"rotation": {"angle": -22.5, "axis": "z", "origin": [12.5, 4, 8.5]},
			"faces": {
				"north": {"uv": [0, 0, 1, 0], "texture": "#1"},
				"east": {"uv": [0, 0, 3, 0], "texture": "#1"},
				"south": {"uv": [0, 0, 1, 0], "texture": "#1"},
				"west": {"uv": [0, 0, 3, 0], "texture": "#1"},
				"up": {"uv": [6, 8, 5, 5], "texture": "#1"},
				"down": {"uv": [6, 5, 5, 8], "texture": "#1"}
			}
		},
		{
			"from": [12.5, 4, 6],
			"to": [15.5, 4, 7],
			"rotation": {"angle": 22.5, "axis": "x", "origin": [14, 4, 7]},
			"faces": {
				"north": {"uv": [0, 0, 3, 0], "texture": "#1"},
				"east": {"uv": [0, 0, 1, 0], "texture": "#1"},
				"south": {"uv": [0, 0, 3, 0], "texture": "#1"},
				"west": {"uv": [0, 0, 1, 0], "texture": "#1"},
				"up": {"uv": [8, 2, 5, 1], "texture": "#1"},
				"down": {"uv": [8, 1, 5, 2], "texture": "#1"}
			}
		},
		{
			"from": [12.5, 4, 10],
			"to": [15.5, 4, 11],
			"rotation": {"angle": -22.5, "axis": "x", "origin": [14, 4, 10]},
			"faces": {
				"north": {"uv": [0, 0, 3, 0], "texture": "#1"},
				"east": {"uv": [0, 0, 1, 0], "texture": "#1"},
				"south": {"uv": [0, 0, 3, 0], "texture": "#1"},
				"west": {"uv": [0, 0, 1, 0], "texture": "#1"},
				"up": {"uv": [8, 2, 5, 1], "texture": "#1"},
				"down": {"uv": [8, 1, 5, 2], "texture": "#1"}
			}
		},
		{
			"from": [12.5, 4, 7],
			"to": [15.5, 4, 10],
			"rotation": {"angle": 0, "axis": "y", "origin": [5, 0, 3]},
			"faces": {
				"north": {"uv": [0, 0, 3, 0], "texture": "#1"},
				"east": {"uv": [0, 0, 3, 0], "texture": "#1"},
				"south": {"uv": [0, 0, 3, 0], "texture": "#1"},
				"west": {"uv": [0, 0, 3, 0], "texture": "#1"},
				"up": {"uv": [3, 3, 0, 0], "texture": "#1"},
				"down": {"uv": [3, 0, 0, 3], "texture": "#1"}
			}
		},
		{
			"from": [14, 0, 8],
			"to": [14, 4, 9],
			"rotation": {"angle": 22.5, "axis": "y", "origin": [14, 2, 8.5]},
			"faces": {
				"north": {"uv": [0, 0, 0, 4], "texture": "#1", "tintindex": 0},
				"east": {"uv": [3, 0, 4, 4], "texture": "#1", "tintindex": 0},
				"south": {"uv": [0, 0, 0, 4], "texture": "#1", "tintindex": 0},
				"west": {"uv": [4, 0, 5, 4], "texture": "#1", "tintindex": 0},
				"up": {"uv": [0, 1, 0, 0], "texture": "#1", "tintindex": 0},
				"down": {"uv": [0, 0, 0, 1], "texture": "#1", "tintindex": 0}
			}
		},
		{
			"from": [12.73189, 2.65714, 1],
			"to": [13.73189, 2.65714, 4],
			"rotation": {"angle": 22.5, "axis": "z", "origin": [11, 2.39567, 2.5]},
			"faces": {
				"north": {"uv": [0, 0, 1, 0], "texture": "#1"},
				"east": {"uv": [0, 0, 3, 0], "texture": "#1"},
				"south": {"uv": [0, 0, 1, 0], "texture": "#1"},
				"west": {"uv": [0, 0, 3, 0], "texture": "#1"},
				"up": {"uv": [6, 8, 5, 5], "texture": "#1"},
				"down": {"uv": [6, 5, 5, 8], "texture": "#1"}
			}
		},
		{
			"from": [8.26811, 2.65714, 1],
			"to": [9.26811, 2.65714, 4],
			"rotation": {"angle": -22.5, "axis": "z", "origin": [11, 2.39567, 2.5]},
			"faces": {
				"north": {"uv": [0, 0, 1, 0], "texture": "#1"},
				"east": {"uv": [0, 0, 3, 0], "texture": "#1"},
				"south": {"uv": [0, 0, 1, 0], "texture": "#1"},
				"west": {"uv": [0, 0, 3, 0], "texture": "#1"},
				"up": {"uv": [6, 8, 5, 5], "texture": "#1"},
				"down": {"uv": [6, 5, 5, 8], "texture": "#1"}
			}
		},
		{
			"from": [9.5, 2.65714, 4.23189],
			"to": [12.5, 2.65714, 5.23189],
			"rotation": {"angle": -22.5, "axis": "x", "origin": [11, 2.39567, 2.5]},
			"faces": {
				"north": {"uv": [0, 0, 3, 0], "texture": "#1"},
				"east": {"uv": [0, 0, 1, 0], "texture": "#1"},
				"south": {"uv": [0, 0, 3, 0], "texture": "#1"},
				"west": {"uv": [0, 0, 1, 0], "texture": "#1"},
				"up": {"uv": [8, 2, 5, 1], "texture": "#1"},
				"down": {"uv": [8, 1, 5, 2], "texture": "#1"}
			}
		},
		{
			"from": [9.5, 2.65714, -0.23189],
			"to": [12.5, 2.65714, 0.76811],
			"rotation": {"angle": 22.5, "axis": "x", "origin": [11, 2.39567, 2.5]},
			"faces": {
				"north": {"uv": [0, 0, 3, 0], "texture": "#1"},
				"east": {"uv": [0, 0, 1, 0], "texture": "#1"},
				"south": {"uv": [0, 0, 3, 0], "texture": "#1"},
				"west": {"uv": [0, 0, 1, 0], "texture": "#1"},
				"up": {"uv": [8, 2, 5, 1], "texture": "#1"},
				"down": {"uv": [8, 1, 5, 2], "texture": "#1"}
			}
		},
		{
			"from": [9.5, 3.3, 1],
			"to": [12.5, 3.3, 4],
			"rotation": {"angle": 0, "axis": "y", "origin": [11, 2.39567, 2.5]},
			"faces": {
				"north": {"uv": [0, 0, 3, 0], "texture": "#1"},
				"east": {"uv": [0, 0, 3, 0], "texture": "#1"},
				"south": {"uv": [0, 0, 3, 0], "texture": "#1"},
				"west": {"uv": [0, 0, 3, 0], "texture": "#1"},
				"up": {"uv": [3, 3, 0, 0], "texture": "#1"},
				"down": {"uv": [3, 0, 0, 3], "texture": "#1"}
			}
		},
		{
			"from": [11, 2.3, 2],
			"to": [11, 3.3, 3],
			"rotation": {"angle": 0, "axis": "x", "origin": [11, 3.3, 2.5]},
			"faces": {
				"north": {"uv": [0, 0, 0, 1], "texture": "#1", "tintindex": 0},
				"east": {"uv": [3, 0, 4, 1], "texture": "#1", "tintindex": 0},
				"south": {"uv": [0, 0, 0, 1], "texture": "#1", "tintindex": 0},
				"west": {"uv": [3, 0, 4, 1], "texture": "#1", "tintindex": 0},
				"up": {"uv": [0, 1, 0, 0], "texture": "#1", "tintindex": 0},
				"down": {"uv": [0, 0, 0, 1], "texture": "#1", "tintindex": 0}
			}
		},
		{
			"from": [11, -0.4, 2.3],
			"to": [11, 2.6, 3.3],
			"rotation": {"angle": 22.5, "axis": "x", "origin": [11, 3.3, 2.5]},
			"faces": {
				"north": {"uv": [0, 0, 0, 3], "texture": "#1", "tintindex": 0},
				"east": {"uv": [4, 1, 5, 4], "texture": "#1", "tintindex": 0},
				"south": {"uv": [0, 0, 0, 3], "texture": "#1", "tintindex": 0},
				"west": {"uv": [4, 1, 5, 4], "texture": "#1", "tintindex": 0},
				"up": {"uv": [0, 1, 0, 0], "texture": "#1", "tintindex": 0},
				"down": {"uv": [0, 0, 0, 1], "texture": "#1", "tintindex": 0}
			}
		},
		{
			"from": [12.5, 4, 13],
			"to": [13.5, 4, 16],
			"rotation": {"angle": 22.5, "axis": "z", "origin": [12.5, 4, 14.5]},
			"faces": {
				"north": {"uv": [0, 0, 1, 0], "texture": "#1"},
				"east": {"uv": [0, 0, 3, 0], "texture": "#1"},
				"south": {"uv": [0, 0, 1, 0], "texture": "#1"},
				"west": {"uv": [0, 0, 3, 0], "texture": "#1"},
				"up": {"uv": [6, 8, 5, 5], "texture": "#1"},
				"down": {"uv": [6, 5, 5, 8], "texture": "#1"}
			}
		},
		{
			"from": [8.5, 4, 13],
			"to": [9.5, 4, 16],
			"rotation": {"angle": -22.5, "axis": "z", "origin": [9.5, 4, 14.5]},
			"faces": {
				"north": {"uv": [0, 0, 1, 0], "texture": "#1"},
				"east": {"uv": [0, 0, 3, 0], "texture": "#1"},
				"south": {"uv": [0, 0, 1, 0], "texture": "#1"},
				"west": {"uv": [0, 0, 3, 0], "texture": "#1"},
				"up": {"uv": [6, 8, 5, 5], "texture": "#1"},
				"down": {"uv": [6, 5, 5, 8], "texture": "#1"}
			}
		},
		{
			"from": [9.5, 4, 12],
			"to": [12.5, 4, 13],
			"rotation": {"angle": 22.5, "axis": "x", "origin": [11, 4, 13]},
			"faces": {
				"north": {"uv": [0, 0, 3, 0], "texture": "#1"},
				"east": {"uv": [0, 0, 1, 0], "texture": "#1"},
				"south": {"uv": [0, 0, 3, 0], "texture": "#1"},
				"west": {"uv": [0, 0, 1, 0], "texture": "#1"},
				"up": {"uv": [8, 2, 5, 1], "texture": "#1"},
				"down": {"uv": [8, 1, 5, 2], "texture": "#1"}
			}
		},
		{
			"from": [9.5, 4, 16],
			"to": [12.5, 4, 17],
			"rotation": {"angle": -22.5, "axis": "x", "origin": [11, 4, 16]},
			"faces": {
				"north": {"uv": [0, 0, 3, 0], "texture": "#1"},
				"east": {"uv": [0, 0, 1, 0], "texture": "#1"},
				"south": {"uv": [0, 0, 3, 0], "texture": "#1"},
				"west": {"uv": [0, 0, 1, 0], "texture": "#1"},
				"up": {"uv": [8, 2, 5, 1], "texture": "#1"},
				"down": {"uv": [8, 1, 5, 2], "texture": "#1"}
			}
		},
		{
			"from": [9.5, 4, 13],
			"to": [12.5, 4, 16],
			"rotation": {"angle": 0, "axis": "y", "origin": [2, 0, 9]},
			"faces": {
				"north": {"uv": [0, 0, 3, 0], "texture": "#1"},
				"east": {"uv": [0, 0, 3, 0], "texture": "#1"},
				"south": {"uv": [0, 0, 3, 0], "texture": "#1"},
				"west": {"uv": [0, 0, 3, 0], "texture": "#1"},
				"up": {"uv": [3, 3, 0, 0], "texture": "#1"},
				"down": {"uv": [3, 0, 0, 3], "texture": "#1"}
			}
		},
		{
			"from": [11, 0, 14],
			"to": [11, 4, 15],
			"rotation": {"angle": 22.5, "axis": "y", "origin": [11, 2, 14.5]},
			"faces": {
				"north": {"uv": [0, 0, 0, 4], "texture": "#1", "tintindex": 0},
				"east": {"uv": [3, 0, 4, 4], "texture": "#1", "tintindex": 0},
				"south": {"uv": [0, 0, 0, 4], "texture": "#1", "tintindex": 0},
				"west": {"uv": [4, 0, 5, 4], "texture": "#1", "tintindex": 0},
				"up": {"uv": [0, 1, 0, 0], "texture": "#1", "tintindex": 0},
				"down": {"uv": [0, 0, 0, 1], "texture": "#1", "tintindex": 0}
			}
		}
	]
}