{
	"credit": "Made with Blockbench",
	"texture_size": [32, 32],
	"textures": {
		"0": "builder:box/texture",
		"1": "builder:box/hammer",
		"2": "builder:box/tools2",
		"particle": "builder:box/texture"
	},
	"elements": [
		{
			"from": [3.5, 0, 5.5],
			"to": [12.5, 1, 10.5],
			"faces": {
				"north": {"uv": [2.5, 7.5, 7, 8], "texture": "#0"},
				"east": {"uv": [7.5, 8, 10, 8.5], "texture": "#0"},
				"south": {"uv": [7.5, 6, 12, 6.5], "texture": "#0"},
				"west": {"uv": [0, 8.5, 2.5, 9], "texture": "#0"},
				"up": {"uv": [4.5, 2.5, 0, 0], "texture": "#0"},
				"down": {"uv": [4.5, 2.5, 0, 5], "texture": "#0"}
			}
		},
		{
			"from": [4.5, 1, 5.5],
			"to": [11.5, 4, 5.5],
			"faces": {
				"north": {"uv": [4.5, 0, 8, 1.5], "texture": "#0"},
				"east": {"uv": [0, 0, 0, 1.5], "texture": "#0"},
				"south": {"uv": [4.5, 1.5, 8, 3], "texture": "#0"},
				"west": {"uv": [0, 0, 0, 1.5], "texture": "#0"},
				"up": {"uv": [3.5, 0, 0, 0], "texture": "#0"},
				"down": {"uv": [3.5, 0, 0, 0], "texture": "#0"}
			}
		},
		{
			"from": [4.5, 1, 10.5],
			"to": [11.5, 4, 10.5],
			"faces": {
				"north": {"uv": [4.5, 3, 8, 4.5], "texture": "#0"},
				"east": {"uv": [0, 0, 0, 1.5], "texture": "#0"},
				"south": {"uv": [4.5, 4.5, 8, 6], "texture": "#0"},
				"west": {"uv": [0, 0, 0, 1.5], "texture": "#0"},
				"up": {"uv": [3.5, 0, 0, 0], "texture": "#0"},
				"down": {"uv": [3.5, 0, 0, 0], "texture": "#0"}
			}
		},
		{
			"from": [4.5, 5.5, 7.5],
			"to": [11.5, 6.5, 8.5],
			"faces": {
				"north": {"uv": [7.5, 6.5, 11, 7], "texture": "#0"},
				"east": {"uv": [7, 9.5, 7.5, 10], "texture": "#0"},
				"south": {"uv": [7, 7.5, 10.5, 8], "texture": "#0"},
				"west": {"uv": [9.5, 8.5, 10, 9], "texture": "#0"},
				"up": {"uv": [11, 7.5, 7.5, 7], "texture": "#0"},
				"down": {"uv": [3.5, 8, 0, 8.5], "texture": "#0"}
			}
		},
		{
			"from": [3.5, 1, 5.5],
			"to": [4.5, 4, 10.5],
			"faces": {
				"north": {"uv": [8.5, 8.5, 9, 10], "texture": "#0"},
				"east": {"uv": [0, 5, 2.5, 6.5], "texture": "#0"},
				"south": {"uv": [0, 9, 0.5, 10.5], "texture": "#0"},
				"west": {"uv": [2.5, 6, 5, 7.5], "texture": "#0"},
				"up": {"uv": [3, 11, 2.5, 8.5], "texture": "#0"},
				"down": {"uv": [3.5, 8.5, 3, 11], "texture": "#0"}
			}
		},
		{
			"from": [3.50009, 3.2, 7.5],
			"to": [4.50009, 6.4, 9.5],
			"rotation": {"angle": -22.5, "axis": "x", "origin": [0, 6, 8]},
			"faces": {
				"north": {"uv": [1, 9, 1.5, 10.5], "texture": "#0"},
				"east": {"uv": [8, 3, 9, 4.5], "texture": "#0"},
				"south": {"uv": [1.5, 9, 2, 10.5], "texture": "#0"},
				"west": {"uv": [3.5, 8, 4.5, 9.5], "texture": "#0"},
				"up": {"uv": [4, 6, 3.5, 5], "texture": "#0"},
				"down": {"uv": [4.5, 5, 4, 6], "texture": "#0"}
			}
		},
		{
			"from": [3.5, 5.945, 6.77],
			"to": [4.5, 6.945, 9.24],
			"faces": {
				"north": {"uv": [9.5, 9, 10, 9.5], "texture": "#0"},
				"east": {"uv": [9.5, 1.5, 10.5, 2], "texture": "#0"},
				"south": {"uv": [9.5, 9.5, 10, 10], "texture": "#0"},
				"west": {"uv": [9.5, 2, 10.5, 2.5], "texture": "#0"},
				"up": {"uv": [10, 3.5, 9.5, 2.5], "texture": "#0"},
				"down": {"uv": [4, 9.5, 3.5, 10.5], "texture": "#0"}
			}
		},
		{
			"from": [3.5, 3.2, 6.5],
			"to": [4.5, 6.4, 8.5],
			"rotation": {"angle": 22.5, "axis": "x", "origin": [0, 6, 8]},
			"faces": {
				"north": {"uv": [9, 0, 9.5, 1.5], "texture": "#0"},
				"east": {"uv": [8, 0, 9, 1.5], "texture": "#0"},
				"south": {"uv": [0.5, 9, 1, 10.5], "texture": "#0"},
				"west": {"uv": [8, 1.5, 9, 3], "texture": "#0"},
				"up": {"uv": [3, 6, 2.5, 5], "texture": "#0"},
				"down": {"uv": [3.5, 5, 3, 6], "texture": "#0"}
			}
		},
		{
			"from": [11.5, 1, 5.5],
			"to": [12.5, 4, 10.5],
			"rotation": {"angle": 0, "axis": "y", "origin": [16, 0, 0]},
			"faces": {
				"north": {"uv": [9, 8.5, 8.5, 10], "texture": "#0"},
				"east": {"uv": [5, 6, 2.5, 7.5], "texture": "#0"},
				"south": {"uv": [0.5, 9, 0, 10.5], "texture": "#0"},
				"west": {"uv": [2.5, 5, 0, 6.5], "texture": "#0"},
				"up": {"uv": [2.5, 11, 3, 8.5], "texture": "#0"},
				"down": {"uv": [3, 8.5, 3.5, 11], "texture": "#0"}
			}
		},
		{
			"from": [11.49991, 3.2, 7.5],
			"to": [12.49991, 6.4, 9.5],
			"rotation": {"angle": -22.5, "axis": "x", "origin": [16, 6, 8]},
			"faces": {
				"north": {"uv": [1.5, 9, 1, 10.5], "texture": "#0"},
				"east": {"uv": [4.5, 8, 3.5, 9.5], "texture": "#0"},
				"south": {"uv": [2, 9, 1.5, 10.5], "texture": "#0"},
				"west": {"uv": [9, 3, 8, 4.5], "texture": "#0"},
				"up": {"uv": [3.5, 6, 4, 5], "texture": "#0"},
				"down": {"uv": [4, 5, 4.5, 6], "texture": "#0"}
			}
		},
		{
			"from": [11.5, 5.945, 6.77],
			"to": [12.5, 6.945, 9.24],
			"rotation": {"angle": 0, "axis": "y", "origin": [16, 0, 0]},
			"faces": {
				"north": {"uv": [10, 9, 9.5, 9.5], "texture": "#0"},
				"east": {"uv": [10.5, 2, 9.5, 2.5], "texture": "#0"},
				"south": {"uv": [10, 9.5, 9.5, 10], "texture": "#0"},
				"west": {"uv": [10.5, 1.5, 9.5, 2], "texture": "#0"},
				"up": {"uv": [9.5, 3.5, 10, 2.5], "texture": "#0"},
				"down": {"uv": [3.5, 9.5, 4, 10.5], "texture": "#0"}
			}
		},
		{
			"from": [11.5, 3.2, 6.5],
			"to": [12.5, 6.4, 8.5],
			"rotation": {"angle": 22.5, "axis": "x", "origin": [16, 6, 8]},
			"faces": {
				"north": {"uv": [9.5, 0, 9, 1.5], "texture": "#0"},
				"east": {"uv": [9, 1.5, 8, 3], "texture": "#0"},
				"south": {"uv": [1, 9, 0.5, 10.5], "texture": "#0"},
				"west": {"uv": [9, 0, 8, 1.5], "texture": "#0"},
				"up": {"uv": [2.5, 6, 3, 5], "texture": "#0"},
				"down": {"uv": [3, 5, 3.5, 6], "texture": "#0"}
			}
		},
		{
			"name": "hammer_2",
			"from": [5, -3.9, 5.6],
			"to": [6, 5.1, 6.6],
			"rotation": {"angle": -45, "axis": "z", "origin": [11, 0, 13]},
			"faces": {
				"north": {"uv": [13, 4, 14, 13], "texture": "#1"},
				"east": {"uv": [13, 4, 14, 13], "texture": "#1"},
				"south": {"uv": [13, 13, 14, 4], "rotation": 180, "texture": "#1"},
				"west": {"uv": [13, 4, 14, 13], "texture": "#1"},
				"up": {"uv": [14, 4, 13, 5], "texture": "#1"},
				"down": {"uv": [13, 12, 14, 13], "rotation": 180, "texture": "#1"}
			}
		},
		{
			"name": "hammer_4",
			"from": [6, -1.9, 5.6],
			"to": [7, 4.1, 6.6],
			"rotation": {"angle": -45, "axis": "z", "origin": [11, 0, 13]},
			"faces": {
				"north": {"uv": [12, 5, 13, 11], "texture": "#1"},
				"east": {"uv": [12, 5, 13, 11], "texture": "#1"},
				"south": {"uv": [12, 11, 13, 5], "rotation": 180, "texture": "#1"},
				"west": {"uv": [12, 5, 13, 11], "texture": "#1"},
				"up": {"uv": [13, 5, 12, 6], "texture": "#1"},
				"down": {"uv": [12, 10, 13, 11], "rotation": 180, "texture": "#1"}
			}
		},
		{
			"name": "hammer_1",
			"from": [7, 0.1, 5.6],
			"to": [8, 5.1, 6.6],
			"rotation": {"angle": -45, "axis": "z", "origin": [11, 0, 13]},
			"faces": {
				"north": {"uv": [11, 4, 12, 9], "texture": "#1"},
				"east": {"uv": [11, 4, 12, 9], "texture": "#1"},
				"south": {"uv": [11, 9, 12, 4], "rotation": 180, "texture": "#1"},
				"west": {"uv": [11, 4, 12, 9], "texture": "#1"},
				"up": {"uv": [12, 4, 11, 5], "texture": "#1"},
				"down": {"uv": [11, 8, 12, 9], "rotation": 180, "texture": "#1"}
			}
		},
		{
			"name": "hammer_0",
			"from": [5, 5.1, 5.6],
			"to": [8, 6.1, 6.6],
			"rotation": {"angle": -45, "axis": "z", "origin": [11, 0, 13]},
			"faces": {
				"north": {"uv": [11, 3, 14, 4], "texture": "#1"},
				"east": {"uv": [11, 3, 12, 4], "texture": "#1"},
				"south": {"uv": [11, 4, 14, 3], "rotation": 180, "texture": "#1"},
				"west": {"uv": [13, 3, 14, 4], "texture": "#1"},
				"up": {"uv": [14, 3, 11, 4], "texture": "#1"},
				"down": {"uv": [11, 3, 14, 4], "rotation": 180, "texture": "#1"}
			}
		},
		{
			"name": "hammer_3",
			"from": [4.6, 1, 9],
			"to": [5.6, 7, 10],
			"rotation": {"angle": 22.5, "axis": "y", "origin": [6, 0, 9]},
			"faces": {
				"north": {"uv": [2, 5, 3, 11], "rotation": 180, "texture": "#1"},
				"east": {"uv": [2, 5, 3, 11], "rotation": 180, "texture": "#1"},
				"south": {"uv": [2, 11, 3, 5], "texture": "#1"},
				"west": {"uv": [2, 5, 3, 11], "rotation": 180, "texture": "#1"},
				"up": {"uv": [2, 10, 3, 11], "texture": "#1"},
				"down": {"uv": [3, 5, 2, 6], "rotation": 180, "texture": "#1"}
			}
		},
		{
			"name": "hammer_5",
			"from": [3.6, 5, 9],
			"to": [4.6, 7, 10],
			"rotation": {"angle": 22.5, "axis": "y", "origin": [6, 0, 9]},
			"faces": {
				"north": {"uv": [1, 9, 2, 11], "rotation": 180, "texture": "#1"},
				"east": {"uv": [1, 9, 2, 11], "rotation": 180, "texture": "#1"},
				"south": {"uv": [1, 11, 2, 9], "texture": "#1"},
				"west": {"uv": [1, 9, 2, 11], "rotation": 180, "texture": "#1"},
				"up": {"uv": [1, 10, 2, 11], "texture": "#1"},
				"down": {"uv": [2, 9, 1, 10], "rotation": 180, "texture": "#1"}
			}
		},
		{
			"name": "hammer_6",
			"from": [5.6, 5, 9],
			"to": [6.6, 7, 10],
			"rotation": {"angle": 22.5, "axis": "y", "origin": [6, 0, 9]},
			"faces": {
				"north": {"uv": [3, 9, 4, 11], "rotation": 180, "texture": "#1"},
				"east": {"uv": [3, 9, 4, 11], "rotation": 180, "texture": "#1"},
				"south": {"uv": [3, 11, 4, 9], "texture": "#1"},
				"west": {"uv": [3, 9, 4, 11], "rotation": 180, "texture": "#1"},
				"up": {"uv": [3, 10, 4, 11], "texture": "#1"},
				"down": {"uv": [4, 9, 3, 10], "rotation": 180, "texture": "#1"}
			}
		},
		{
			"name": "tools2_0",
			"from": [10.4, 0.3, 9],
			"to": [11.4, 2.3, 10],
			"rotation": {"angle": 22.5, "axis": "z", "origin": [0, 0, 0]},
			"faces": {
				"north": {"uv": [7, 5, 8, 7], "texture": "#2"},
				"east": {"uv": [7, 5, 8, 7], "texture": "#2"},
				"south": {"uv": [7, 7, 8, 5], "rotation": 180, "texture": "#2"},
				"west": {"uv": [7, 5, 8, 7], "texture": "#2"},
				"up": {"uv": [8, 5, 7, 6], "texture": "#2"},
				"down": {"uv": [7, 6, 8, 7], "rotation": 180, "texture": "#2"}
			}
		},
		{
			"name": "tools2_1",
			"from": [8.4, 0.3, 9],
			"to": [9.4, 2.3, 10],
			"rotation": {"angle": 22.5, "axis": "z", "origin": [0, 0, 0]},
			"faces": {
				"north": {"uv": [9, 5, 10, 7], "texture": "#2"},
				"east": {"uv": [9, 5, 10, 7], "texture": "#2"},
				"south": {"uv": [9, 7, 10, 5], "rotation": 180, "texture": "#2"},
				"west": {"uv": [9, 5, 10, 7], "texture": "#2"},
				"up": {"uv": [10, 5, 9, 6], "texture": "#2"},
				"down": {"uv": [9, 6, 10, 7], "rotation": 180, "texture": "#2"}
			}
		},
		{
			"name": "tools2_2",
			"from": [9.4, -0.7, 9],
			"to": [10.4, 0.3, 10],
			"rotation": {"angle": 22.5, "axis": "z", "origin": [0, 0, 0]},
			"faces": {
				"north": {"uv": [8, 7, 9, 8], "texture": "#2"},
				"east": {"uv": [8, 7, 9, 8], "texture": "#2"},
				"south": {"uv": [8, 8, 9, 7], "rotation": 180, "texture": "#2"},
				"west": {"uv": [8, 7, 9, 8], "texture": "#2"},
				"up": {"uv": [9, 7, 8, 8], "texture": "#2"},
				"down": {"uv": [8, 7, 9, 8], "rotation": 180, "texture": "#2"}
			}
		},
		{
			"name": "tools2_3",
			"from": [10.4, -2.7, 9],
			"to": [11.4, -0.7, 10],
			"rotation": {"angle": 22.5, "axis": "z", "origin": [0, 0, 0]},
			"faces": {
				"north": {"uv": [7, 8, 8, 10], "texture": "#2"},
				"east": {"uv": [7, 8, 8, 10], "texture": "#2"},
				"south": {"uv": [7, 10, 8, 8], "rotation": 180, "texture": "#2"},
				"west": {"uv": [7, 8, 8, 10], "texture": "#2"},
				"up": {"uv": [8, 8, 7, 9], "texture": "#2"},
				"down": {"uv": [7, 9, 8, 10], "rotation": 180, "texture": "#2"}
			}
		},
		{
			"name": "tools2_4",
			"from": [8.4, -2.7, 9],
			"to": [9.4, -0.7, 10],
			"rotation": {"angle": 22.5, "axis": "z", "origin": [0, 0, 0]},
			"faces": {
				"north": {"uv": [9, 8, 10, 10], "texture": "#2"},
				"east": {"uv": [9, 8, 10, 10], "texture": "#2"},
				"south": {"uv": [9, 10, 10, 8], "rotation": 180, "texture": "#2"},
				"west": {"uv": [9, 8, 10, 10], "texture": "#2"},
				"up": {"uv": [10, 8, 9, 9], "texture": "#2"},
				"down": {"uv": [9, 9, 10, 10], "rotation": 180, "texture": "#2"}
			}
		}
	],
	"gui_light": "front",
	"display": {
		"thirdperson_righthand": {
			"rotation": [-175, -84.99, 121.57],
			"translation": [0, -1.25, 2.5]
		},
		"thirdperson_lefthand": {
			"rotation": [-175, -84.99, 121.57],
			"translation": [0, -1.25, 2.5]
		},
		"firstperson_righthand": {
			"rotation": [20.89, -71.44, 10.12],
			"translation": [0, 5.5, 2]
		},
		"firstperson_lefthand": {
			"rotation": [20.89, -71.44, 10.12],
			"translation": [0, 5.5, 2]
		},
		"ground": {
			"translation": [0, 7.75, 0]
		},
		"gui": {
			"rotation": [30, 225, 0],
			"translation": [0, 6, 0],
			"scale": [1.5, 1.5, 1.5]
		},
		"fixed": {
			"rotation": [-90, 0, 0],
			"translation": [0, 0, -16],
			"scale": [2, 2, 2]
		}
	},
	"groups": [
		0,
		1,
		2,
		3,
		{
			"name": "group",
			"origin": [0, 6, 8],
			"color": 0,
			"nbt": "{}",
			"armAnimationEnabled": false,
			"children": [4, 5, 6, 7]
		},
		{
			"name": "group",
			"origin": [0, 6, 8],
			"color": 0,
			"nbt": "{}",
			"armAnimationEnabled": false,
			"children": [8, 9, 10, 11]
		},
		{
			"name": "group",
			"origin": [0, 0, 0],
			"color": 0,
			"nbt": "{}",
			"armAnimationEnabled": false,
			"children": [12, 13, 14, 15]
		},
		{
			"name": "hammer",
			"origin": [8, 8, 8],
			"color": 0,
			"nbt": "{}",
			"armAnimationEnabled": false,
			"children": [16, 17, 18]
		},
		{
			"name": "tools2",
			"origin": [8, 8, 8],
			"color": 0,
			"nbt": "{}",
			"armAnimationEnabled": false,
			"children": [19, 20, 21, 22, 23]
		}
	]
}