{
	"credit": "Made by Bret06 using Blockbench",
	"ambientocclusion": false,
	"texture_size": [32, 32],
	"textures": {
		"1": "fancy_foliage:block/foliage/lily_pad/waterlily_pink",
		"2": "fancy_foliage:block/foliage/lily_pad/lilypad_stem_big",
		"particle": "block/lily_pad",
		"texture": "block/lily_pad"
	},
	"elements": [
		{
			"from": [0, 0.25, 0],
			"to": [16, 0.25, 16],
			"faces": {
				"up": {"uv": [0, 0, 16, 16], "texture": "#texture", "tintindex": 0},
				"down": {"uv": [0, 16, 16, 0], "texture": "#texture", "tintindex": 0}
			}
		},
		{
			"from": [8.5, 0.3, 2],
			"to": [16.5, 0.3, 18],
			"shade": false,
			"rotation": {"angle": 22.5, "axis": "z", "origin": [8.5, 0.3, 2]},
			"faces": {
				"up": {"uv": [2, 4, 0, 0], "texture": "#1"},
				"down": {"uv": [2, 0, 0, 4], "texture": "#1"}
			}
		},
		{
			"from": [0.5, 0.3, 2],
			"to": [8.5, 0.3, 18],
			"shade": false,
			"rotation": {"angle": -22.5, "axis": "z", "origin": [8.5, 0.3, 2]},
			"faces": {
				"up": {"uv": [0, 4, 2, 0], "texture": "#1"},
				"down": {"uv": [0, 0, 2, 4], "texture": "#1"}
			}
		},
		{
			"from": [0.5, 0.3, 10],
			"to": [16.5, 0.3, 18],
			"shade": false,
			"rotation": {"angle": -22.5, "axis": "x", "origin": [0.5, 0.3, 10]},
			"faces": {
				"up": {"uv": [2, 4, 0, 0], "rotation": 90, "texture": "#1"},
				"down": {"uv": [0, 0, 2, 4], "rotation": 90, "texture": "#1"}
			}
		},
		{
			"from": [0.5, 0.3, 2],
			"to": [16.5, 0.3, 10],
			"shade": false,
			"rotation": {"angle": 22.5, "axis": "x", "origin": [0.5, 0.3, 10]},
			"faces": {
				"up": {"uv": [0, 4, 2, 0], "rotation": 90, "texture": "#1"},
				"down": {"uv": [2, 0, 0, 4], "rotation": 90, "texture": "#1"}
			}
		},
		{
			"from": [6.5, 0.3, 11],
			"to": [10.5, 4.3, 11],
			"rotation": {"angle": 0, "axis": "y", "origin": [0.5, 0, 2]},
			"faces": {
				"north": {"uv": [6, 6.5, 7, 7.5], "texture": "#1"},
				"east": {"uv": [6, 6.5, 7, 7.5], "texture": "#1"},
				"south": {"uv": [6, 6.5, 7, 7.5], "texture": "#1"},
				"west": {"uv": [6, 6.5, 7, 7.5], "texture": "#1"},
				"up": {"uv": [7, 5, 6, 4], "texture": "#1"},
				"down": {"uv": [7, 5, 6, 6], "texture": "#1"}
			}
		},
		{
			"from": [6.5, 0.3, 9],
			"to": [10.5, 4.3, 9],
			"rotation": {"angle": 0, "axis": "y", "origin": [0.5, 0, 2]},
			"faces": {
				"north": {"uv": [6, 6.5, 7, 7.5], "texture": "#1"},
				"east": {"uv": [6, 6.5, 7, 7.5], "texture": "#1"},
				"south": {"uv": [6, 6.5, 7, 7.5], "texture": "#1"},
				"west": {"uv": [6, 6.5, 7, 7.5], "texture": "#1"},
				"up": {"uv": [7, 5, 6, 4], "texture": "#1"},
				"down": {"uv": [7, 5, 6, 6], "texture": "#1"}
			}
		},
		{
			"from": [9.5, 0.3, 8],
			"to": [9.5, 4.3, 12],
			"rotation": {"angle": 0, "axis": "y", "origin": [0.5, 0, 2]},
			"faces": {
				"north": {"uv": [6, 6.5, 7, 7.5], "texture": "#1"},
				"east": {"uv": [6, 6.5, 7, 7.5], "texture": "#1"},
				"south": {"uv": [6, 6.5, 7, 7.5], "texture": "#1"},
				"west": {"uv": [6, 6.5, 7, 7.5], "texture": "#1"},
				"up": {"uv": [7, 5, 6, 4], "texture": "#1"},
				"down": {"uv": [7, 5, 6, 6], "texture": "#1"}
			}
		},
		{
			"from": [7.5, 0.3, 8],
			"to": [7.5, 4.3, 12],
			"rotation": {"angle": 0, "axis": "y", "origin": [0.5, 0, 2]},
			"faces": {
				"north": {"uv": [6, 6.5, 7, 7.5], "texture": "#1"},
				"east": {"uv": [6, 6.5, 7, 7.5], "texture": "#1"},
				"south": {"uv": [6, 6.5, 7, 7.5], "texture": "#1"},
				"west": {"uv": [6, 6.5, 7, 7.5], "texture": "#1"},
				"up": {"uv": [7, 5, 6, 4], "texture": "#1"},
				"down": {"uv": [7, 5, 6, 6], "texture": "#1"}
			}
		},
		{
			"from": [8.5, 0.3, 8],
			"to": [8.5, 4.3, 12],
			"rotation": {"angle": -45, "axis": "y", "origin": [8.5, 2.3, 10]},
			"faces": {
				"north": {"uv": [0, 0, 0, 1], "texture": "#1"},
				"east": {"uv": [15, 0, 16, 1], "texture": "#1"},
				"south": {"uv": [0, 0, 0, 1], "texture": "#1"},
				"west": {"uv": [15, 0, 16, 1], "texture": "#1"},
				"up": {"uv": [0, 0, 0, 1], "texture": "#1"},
				"down": {"uv": [0, 0, 0, 1], "texture": "#1"}
			}
		},
		{
			"from": [8.5, 0.3, 8],
			"to": [8.5, 4.3, 12],
			"rotation": {"angle": 45, "axis": "y", "origin": [8.5, 2.3, 10]},
			"faces": {
				"north": {"uv": [0, 0, 0, 1], "texture": "#1"},
				"east": {"uv": [15, 0, 16, 1], "texture": "#1"},
				"south": {"uv": [0, 0, 0, 1], "texture": "#1"},
				"west": {"uv": [15, 0, 16, 1], "texture": "#1"},
				"up": {"uv": [0, 0, 0, 1], "texture": "#1"},
				"down": {"uv": [0, 0, 0, 1], "texture": "#1"}
			}
		},
		{
			"from": [8.5, -15.8, 0],
			"to": [8.5, 0.2, 16],
			"faces": {
				"north": {"uv": [0, 0, 0, 8], "texture": "#2", "tintindex": 0},
				"east": {"uv": [0, 0, 8, 8], "texture": "#2", "tintindex": 0},
				"south": {"uv": [0, 0, 0, 8], "texture": "#2", "tintindex": 0},
				"west": {"uv": [8, 0, 0, 8], "texture": "#2", "tintindex": 0},
				"up": {"uv": [0, 8, 0, 0], "texture": "#2", "tintindex": 0},
				"down": {"uv": [0, 0, 0, 8], "texture": "#2", "tintindex": 0}
			}
		}
	],
	"groups": [
		0,
		{
			"name": "group",
			"origin": [0, 0.3, 8],
			"color": 0,
			"nbt": "{}",
			"armAnimationEnabled": false,
			"children": [1, 2, 3, 4, 5, 6, 7, 8, 9, 10]
		},
		11
	]
}