{
    "type": "minecraft:entity",
    "pools": [
      {
        "rolls": 1,
        "entries": [
          {
            "type": "minecraft:item",
            "functions": [
              {
                "function": "minecraft:set_count",
                "count": {
                  "min": 0.0,
                  "max": 1.0,
                  "type": "minecraft:uniform"
                }
              },
              {
                "function": "minecraft:looting_enchant",
                "count": {
                  "min": 0.0,
                  "max": 1.0
                }
              }
            ],
            "name": "minecraft:paper"
          }
        ]
      }
    ]
  }